<window type="dialog">
    <onback>Close</onback>
    <controls>
        <control type="image">
            <left>560</left>
            <top>200</top>
            <width>700</width>
            <height>700</height>
            <texture>special://home/addons/plugin.video.tvisrael/resources/images/guide-qr.png</texture>
            <aspectratio>keep</aspectratio>
        </control>

        <control type="label">
            <left>560</left>
            <top>900</top>
            <width>700</width>
            <height>60</height>
            <label>יש לסרוק את הקוד כדי לצפות במדריך ההתקנה[CR]חזרה כדי לסגור את החלון</label>
            <align>center</align>
        </control>
    </controls>
</window>
