<?xml version="1.0" encoding="UTF-8" standalone="yes"?>
	<addon id="plugin.video.tvisrael" name="טלוויזיה ישראל" version="2.2.9" provider-name="shilonit">
		<requires>
			<import addon="script.module.requests"/>
			<import addon="script.module.beautifulsoup4"/>
		</requires>
		<extension point="xbmc.python.pluginsource" library="main.py">
			<provides>video</provides>
		</extension>
		<extension point="xbmc.service" library="resources/lib/service.py" start="[login|startup]"/>
		<extension point="xbmc.python.module" library="resources/" />
		<extension point="xbmc.python.module" library="resources/lib/" />
		<extension point="xbmc.addon.metadata">
			<reuselanguageinvoker>true</reuselanguageinvoker>
			<assets>
				<icon>icon.jpg</icon>
				<fanart>fanart.jpg</fanart>
			</assets>
			<platform>all</platform>
			<summary lang="he_IL">צפייה בערוצי ספורט ישראליים</summary>
			<summary lang="en_gb">Watching Israeli sport channels</summary>
			<description lang="he_IL">צפייה בערוצי ספורט ישראליים, ההרחבה מתווכת לאתרי סטרימינג ואינה נוטלת כל אחריות, ייתכנו תקלות מעת לעת. לאחר שינוי שפת ממשק יש לבצע "הגדרה ראשונית" בכדי שיווצרו בשפה החדשה שנבחרה.</description>
			<description lang="en_gb">When watching Israeli sports channels, the plugin acts as an intermediary for other websites only and does not assume any responsibility. After changing the interface language, an "initial setting" is required so that files are created in the new selected language.</description>
			<disclaimer lang="he_IL">ההרחבה משמשת כמתווכת בלבד והיא איננה יציבה! המפתחים אינם אחראים על כשלון בניגון, זמנים שגויים במדריך השידורים, שעות מבוזבזות או כל אחריות ותופעה לא רצויה אחרת.</disclaimer>
			<disclaimer lang="en_gb">The extension is used as an intermediary only and is not stable! The developers are not responsible for playback failure, incorrect times in the broadcast guide, wasted hours or any other unwanted warranty and phenomenon.</disclaimer>
			<supportedcontent>
				<content>tvshows</content>
			</supportedcontent>
		</extension>
	</addon>