[
  {
    "nid": "sport1hd",
    "index": 1,
    "name": 30601,
    "thumb": "sport_1.jpg",
    "source": {
      "ddy": "140"
    },
    "tvgid": "sport1hd"
  },
  {
    "nid": "sport1",
    "index": 1,
    "name": 30602,
    "thumb": "sport_1.jpg",
    "source": {
      "top": "1",
      "ap": "SPORT1IL"
    },
    "tvgid": "sport1"
  },
  {
    "nid": "sport2",
    "index": 2,
    "name": 30603,
    "thumb": "sport_2.jpg",
    "source": {
      "ddy": "141",
      "ap": "SPORT2IL",
      "top": "2"
    },
    "tvgid": "sport2"
  },
  {
    "nid": "sport3",
    "index": 3,
    "name": 30604,
    "thumb": "sport_3.jpg",
    "source": {
      "ddy": "142",
      "ap": "SPORT3IL",
      "top": "3"
    },
    "tvgid": "sport3"
  },
  {
    "nid": "sport4",
    "index": 4,
    "name": 30605,
    "thumb": "sport_4.jpg",
    "source": {
      "ddy": "143",
      "ap": "SPORT4IL",
      "top": "4"
    },
    "tvgid": "sport4"
  },
  {
    "nid": "sport5",
    "index": 5,
    "name": 30606,
    "thumb": "sport_5.jpg",
    "source": {
      "ddy": "144",
      "top": "5",
      "ap": "SPORT5IL"
    },
    "tvgid": "sport5"
  },
  {
    "nid": "5plus",
    "index": 6,
    "name": 30607,
    "thumb": "5_plus.jpg",
    "source": {
      "ddy": "145",
      "ap": "SPORT5PLUS"
    },
    "tvgid": "5plus"
  },
  {
    "nid": "5live",
    "index": 7,
    "name": 30608,
    "thumb": "5_live.jpg",
    "source": {
      "ddy": "146",
      "ap": "SPORT5LIVE"
    },
    "tvgid": "5live"
  },
  {
    "nid": "5star",
    "index": 8,
    "name": 30609,
    "thumb": "5_stars.jpg",
    "source": {
      "ddy": "147",
      "ap": "SPORT5STARS"
    },
    "tvgid": "5stars"
  },
  {
    "nid": "5gold",
    "index": 9,
    "name": 30610,
    "thumb": "5_gold.jpg",
    "source": {
      "ddy": "148",
      "ap": "SPORT5GOLD"
    },
    "tvgid": "5gold"
  },
  {
    "nid": "one",
    "index": 10,
    "name": 30611,
    "thumb": "One.jpg",
    "source": {
      "ddy": "541",
      "ap": "ONEIL"
    },
    "tvgid": "ONE"
  },
  {
    "nid": "one2",
    "index": 11,
    "name": 30612,
    "thumb": "One_2.jpg",
    "source": {
      "ddy": "542"
    },
    "tvgid": "ONE2"
  }
]
