<?xml version="1.0" encoding="UTF-8" standalone="yes"?>
<addon id="repository.shilonit" name="shilonit repo" version="1.0" provider-name="shilonit">
	<extension point="xbmc.addon.repository" name="shilonit repo">
		<dir>
			<info compressed="false">https://raw.githubusercontent.com/shilonit/shilonit.github.io/master/addons.xml</info>
			<checksum>https://raw.githubusercontent.com/shilonit/shilonit.github.io/master/addons.xml.md5</checksum>
			<datadir zip="true">https://raw.githubusercontent.com/shilonit/shilonit.github.io/master/zips</datadir>
		</dir>
	</extension>
	<extension point="xbmc.addon.metadata">
		<summary>shilonit Repo</summary>
		<description>shilonit Repo</description>
		<assets>
			<icon>icon.jpg</icon>
			<fanart>fanart.jpg</fanart>
		</assets>
		<platform>all</platform>
	</extension>
</addon>

