<?xml version="1.0" encoding="UTF-8" standalone="yes"?>
	<addon id="plugin.video.tvisrael" name="טלוויזיה ישראל" version="1.1" provider-name="shilonit">
		<extension point="xbmc.python.pluginsource" library="main.py">
			<provides>video</provides>
		</extension>
		<extension point="xbmc.python.module" library="resources/" />
		<extension point="xbmc.python.module" library="resources/lib/" />
		<extension point="xbmc.addon.metadata">
			<reuselanguageinvoker>true</reuselanguageinvoker>
			<assets>
				<icon>icon.jpg</icon>
				<fanart>fanart.jpg</fanart>
			</assets>
			<platform>all</platform>
			<summary lang="en">צפייה בערוצי טלוויזיה ישראליים</summary>
			<description lang="en">צפייה בערוצי טלוויזיה וספורט ישראליים, ההרחבה מתווכת בינך לאתרים אחרים, האחריות היא עליך</description>
			<news>- Fix 403 which sometimes occurs.</news>
			<supportedcontent>
				<content>tvshows</content>
			</supportedcontent>
		</extension>
	</addon>
