[
  {
    "nid": "9-kanal-hd-il",
    "index": 1,
    "name": 30901,
    "thumb": "9.png",
    "tvgid": "9"
  },
  {
    "nid": "channel10-il-hd",
    "index": 2,
    "name": 30902,
    "thumb": "10.png",
    "tvgid": "10"
  },
  {
    "nid": "11-kanal-il",
    "index": 3,
    "name": 30903,
    "thumb": "11.png",
    "tvgid": "11"
  },
  {
    "nid": "12-kanal-il",
    "index": 4,
    "name": 30904,
    "thumb": "12.png",
    "tvgid": "12"
  },
  {
    "nid": "13-kanal-il",
    "index": 5,
    "name": 30905,
    "thumb": "13.png",
    "tvgid": "13"
  },
  {
    "nid": "14-kanal-il",
    "index": 6,
    "name": 30906,
    "thumb": "14.png",
    "tvgid": "14"
  },
  {
    "nid": "kan23-il",
    "index": 7,
    "name": 30907,
    "thumb": "23.png",
    "tvgid": "23"
  },
  {
    "nid": "channel24-il-hd",
    "index": 8,
    "name": 30908,
    "thumb": "24.png",
    "tvgid": "24"
  },
  {
    "nid": "i24-il",
    "index": 9,
    "name": 30909,
    "thumb": "i24.png",
    "tvgid": "i24"
  },
  {
    "nid": "yes-movies-action-hd-il",
    "index": 10,
    "name": 30910,
    "thumb": "yes-movies-action.png",
    "tvgid": "yes-movies-action"
  },
  {
    "nid": "yes-movies-comedy-il",
    "index": 11,
    "name": 30911,
    "thumb": "yes-movies-comedy.png",
    "tvgid": "yes-movies-comedy"
  },
  {
    "nid": "yes-movies-drama-il-hd",
    "index": 12,
    "name": 30912,
    "thumb": "yes-movies-drama.png",
    "tvgid": "yes-movies-drama"
  },
  {
    "nid": "yes-movies-kids-hd-il",
    "index": 13,
    "name": 30913,
    "thumb": "yes-movies-kids.png",
    "tvgid": "yes-movies-kids"
  },
  {
    "nid": "yes-action-hd-il",
    "index": 14,
    "name": 30914,
    "thumb": "yes-action.png",
    "tvgid": "yes-action"
  },
  {
    "nid": "yes-comedy-hd-il",
    "index": 15,
    "name": 30915,
    "thumb": "yes-comedy.png",
    "tvgid": "yes-comedy"
  },
  {
    "nid": "yes-drama-hd-il",
    "index": 16,
    "name": 30916,
    "thumb": "yes-drama.png",
    "tvgid": "yes-drama"
  },
  {
    "nid": "yes-plus-cinema-il-hd",
    "index": 17,
    "name": 30917,
    "thumb": "yes-plus-cinema.png",
    "tvgid": "yes-plus-cinema"
  },
  {
    "nid": "yes-plus-diamonds-il-hd",
    "index": 18,
    "name": 30918,
    "thumb": "yes-plus-diamonds.png",
    "tvgid": "yes-plus-diamonds"
  },
  {
    "nid": "hot-cinema1-il",
    "index": 19,
    "name": 30919,
    "thumb": "hot-cinema-1.png",
    "tvgid": "hot-cinema-1"
  },
  {
    "nid": "hot-cinema2-il",
    "index": 20,
    "name": 30920,
    "thumb": "hot-cinema-2.png",
    "tvgid": "hot-cinema-2"
  },
  {
    "nid": "hot-cinema3-il",
    "index": 21,
    "name": 30921,
    "thumb": "hot-cinema-3.png",
    "tvgid": "hot-cinema-3"
  },
  {
    "nid": "hot-cinema4-il",
    "index": 22,
    "name": 30922,
    "thumb": "hot-cinema-4.png",
    "tvgid": "hot-cinema-4"
  },
  {
    "nid": "hot-israeli-cinema-il-hd",
    "index": 23,
    "name": 30923,
    "thumb": "hot-israeli-cinema.png",
    "tvgid": "hot-israeli-cinema"
  },
  {
    "nid": "hot-romantic-cinema-il-hd",
    "index": 24,
    "name": 30924,
    "thumb": "hot-romantic-cinema.png",
    "tvgid": "hot-romantic-cinema"
  },
  {
    "nid": "freetv-movies-action-il-hd",
    "index": 25,
    "name": 30925,
    "thumb": "freetv-movies-action.png",
    "tvgid": "freetv-movies-action"
  },
  {
    "nid": "freetv-movies-comedy-il-hd",
    "index": 26,
    "name": 30926,
    "thumb": "freetv-movies-comedy.png",
    "tvgid": "freetv-movies-comedy"
  },
  {
    "nid": "freetv-movies-horror-il-hd",
    "index": 27,
    "name": 30927,
    "thumb": "freetv-movies-horror.png",
    "tvgid": "freetv-movies-horror"
  },
  {
    "nid": "freetv-movies-drama-il-hd",
    "index": 28,
    "name": 30928,
    "thumb": "freetv-movies-drama.png",
    "tvgid": "freetv-movies-drama"
  },
  {
    "nid": "freetv-movies-romantic-il-hd",
    "index": 29,
    "name": 30929,
    "thumb": "freetv-movies-romantic.png",
    "tvgid": "freetv-movies-romantic"
  },
  {
    "nid": "freetv-movies-israeli-il-hd",
    "index": 30,
    "name": 30930,
    "thumb": "freetv-movies-israeli.png",
    "tvgid": "freetv-movies-israeli"
  },
  {
    "nid": "freetv-series-comedy-il-hd",
    "index": 31,
    "name": 30931,
    "thumb": "freetv-series-comedy.png",
    "tvgid": "freetv-series-comedy"
  },
  {
    "nid": "freetv-series-drama-il-hd",
    "index": 32,
    "name": 30932,
    "thumb": "freetv-series-drama.png",
    "tvgid": "freetv-series-drama"
  },
  {
    "nid": "freetv-series-global-il-hd",
    "index": 33,
    "name": 30933,
    "thumb": "freetv-series-global.png",
    "tvgid": "freetv-series-global"
  },
  {
    "nid": "global-action-channel-il-hd",
    "index": 34,
    "name": 30934,
    "thumb": "global-action-channel-1.png",
    "tvgid": "global-action-channel-1"
  },
  {
    "nid": "global-action-channel2-il-hd",
    "index": 35,
    "name": 30935,
    "thumb": "global-action-channel-2.png",
    "tvgid": "global-action-channel-2"
  },
  {
    "nid": "humor-channel-il-hd",
    "index": 36,
    "name": 30936,
    "thumb": "humor-channel.png",
    "tvgid": "humor-channel"
  },
  {
    "nid": "classic-comedy-channel-il-hd",
    "index": 37,
    "name": 30937,
    "thumb": "classic-comedy.png",
    "tvgid": "classic-comedy"
  },
  {
    "nid": "hot-comedy-central-il-hd",
    "index": 38,
    "name": 30938,
    "thumb": "hot-comedy.png",
    "tvgid": "hot-comedy"
  },
  {
    "nid": "hot-hbo-il",
    "index": 39,
    "name": 30939,
    "thumb": "hot-drama.png",
    "tvgid": "hot-drama"
  },
  {
    "nid": "hot-zone-hd-il",
    "index": 40,
    "name": 30940,
    "thumb": "hot-zone.png",
    "tvgid": "hot-zone"
  },
  {
    "nid": "hot3-hd-il",
    "index": 41,
    "name": 30941,
    "thumb": "hot-3.png",
    "tvgid": "hot-3"
  },
  {
    "nid": "hot-8-hd-il",
    "index": 42,
    "name": 30942,
    "thumb": "hot-8.png",
    "tvgid": "hot-8"
  },
  {
    "nid": "entertainment-il",
    "index": 43,
    "name": 30943,
    "thumb": "hot-entertainment.png",
    "tvgid": "hot-entertainment"
  },
  {
    "nid": "yes-israel-il",
    "index": 44,
    "name": 30944,
    "thumb": "yes-israel.png",
    "tvgid": "yes-israel"
  },
  {
    "nid": "pop-up-il-hd",
    "index": 45,
    "name": 30945,
    "thumb": "yes-pop-up.png",
    "tvgid": "yes-pop-up"
  },
  {
    "nid": "viva-premium-il-hd",
    "index": 46,
    "name": 30946,
    "thumb": "viva-premium.png",
    "tvgid": "viva-premium"
  },
  {
    "nid": "viva-plus-il",
    "index": 47,
    "name": 30947,
    "thumb": "viva-plus.png",
    "tvgid": "viva-plus"
  },
  {
    "nid": "viva-il",
    "index": 48,
    "name": 30948,
    "thumb": "viva.png",
    "tvgid": "viva"
  },
  {
    "nid": "viva-vintage-il",
    "index": 49,
    "name": 30949,
    "thumb": "viva-vintage.png",
    "tvgid": "viva-vintage"
  },
  {
    "nid": "turkish-dramas-plus-il",
    "index": 50,
    "name": 30950,
    "thumb": "turkish-dramas-plus.png",
    "tvgid": "turkish-dramas-plus"
  },
  {
    "nid": "turkish-dramas2-il-hd",
    "index": 51,
    "name": 30951,
    "thumb": "turkish-dramas-2.png",
    "tvgid": "turkish-dramas-2"
  },
  {
    "nid": "turkish-dramas3-il-hd",
    "index": 52,
    "name": 30952,
    "thumb": "turkish-dramas-3.png",
    "tvgid": "turkish-dramas-3"
  },
  {
    "nid": "yamtihoni-il",
    "index": 53,
    "name": 30953,
    "thumb": "yam-tichoni.png",
    "tvgid": "yam-tichoni"
  },
  {
    "nid": "yam-tichoni-plus-hd",
    "index": 54,
    "name": 30954,
    "thumb": "yam-tichoni-plus.png",
    "tvgid": "yam-tichoni-plus"
  },
  {
    "nid": "mediterranean-movie-channel-il-hd",
    "index": 55,
    "name": 30955,
    "thumb": "mediterranean-movie-1.png",
    "tvgid": "mediterranean-movie-1"
  },
  {
    "nid": "mediterranean-movie-channel2-il-hd",
    "index": 56,
    "name": 30956,
    "thumb": "mediterranean-movie-2.png",
    "tvgid": "mediterranean-movie-2"
  },
  {
    "nid": "hot-bollywood-il",
    "index": 57,
    "name": 30957,
    "thumb": "hot-bollywood.png",
    "tvgid": "hot-bollywood"
  },
  {
    "nid": "bollywood-classic-il-hd",
    "index": 58,
    "name": 30958,
    "thumb": "bollywood-classic.png",
    "tvgid": "bollywood-classic"
  },
  {
    "nid": "indian-series-il-hd",
    "index": 59,
    "name": 30959,
    "thumb": "indian-series-1.png",
    "tvgid": "indian-series-1"
  },
  {
    "nid": "indian-series2-il-hd",
    "index": 60,
    "name": 30960,
    "thumb": "indian-series-2.png",
    "tvgid": "indian-series-2"
  },
  {
    "nid": "sport1-hd-il",
    "index": 61,
    "name": 30961,
    "thumb": "sport-1.png",
    "tvgid": "sport-1"
  },
  {
    "nid": "sport2-hd-il",
    "index": 62,
    "name": 30962,
    "thumb": "sport-2.png",
    "tvgid": "sport-2"
  },
  {
    "nid": "sport3-hd-il",
    "index": 63,
    "name": 30963,
    "thumb": "sport-3.png",
    "tvgid": "sport-3"
  },
  {
    "nid": "sport4-hd-il",
    "index": 64,
    "name": 30964,
    "thumb": "sport-4.png",
    "tvgid": "sport-4"
  },
  {
    "nid": "sport5-hd-il",
    "index": 65,
    "name": 30965,
    "thumb": "sport-5.png",
    "tvgid": "sport-5"
  },
  {
    "nid": "yes-sport5-plus-il-hd",
    "index": 66,
    "name": 30966,
    "thumb": "5-plus.png",
    "tvgid": "5-plus"
  },
  {
    "nid": "sport5-plus-live-hd-il",
    "index": 67,
    "name": 30967,
    "thumb": "5-live.png",
    "tvgid": "5-live"
  },
  {
    "nid": "sport5-stars-il-hd",
    "index": 68,
    "name": 30968,
    "thumb": "5-stars.png",
    "tvgid": "5-stars"
  },
  {
    "nid": "sport5-gold-il",
    "index": 69,
    "name": 30969,
    "thumb": "5-gold.png",
    "tvgid": "5-gold"
  },
  {
    "nid": "sport5-max-il-hd",
    "index": 70,
    "name": 30970,
    "thumb": "5-max.png",
    "tvgid": "5-max"
  },
  {
    "nid": "sport6-il-hd",
    "index": 71,
    "name": 30971,
    "thumb": "sport-6.png",
    "tvgid": "sport-6"
  },
  {
    "nid": "eurosport1-il-hd",
    "index": 72,
    "name": 30972,
    "thumb": "eurosport-1.png",
    "tvgid": "eurosport-1"
  },
  {
    "nid": "eurosport2-il-hd",
    "index": 73,
    "name": 30973,
    "thumb": "eurosport-2.png",
    "tvgid": "eurosport-2"
  },
  {
    "nid": "one-hd-il",
    "index": 74,
    "name": 30974,
    "thumb": "one.png",
    "tvgid": "one"
  },
  {
    "nid": "one2-hd-il",
    "index": 75,
    "name": 30975,
    "thumb": "one-2.png",
    "tvgid": "one-2"
  },
  {
    "nid": "one-doco-il-hd",
    "index": 76,
    "name": 30976,
    "thumb": "one-doco.png",
    "tvgid": "one-doco"
  },
  {
    "nid": "ego-total-il",
    "index": 77,
    "name": 30977,
    "thumb": "ego.png",
    "tvgid": "ego"
  },
  {
    "nid": "animal-planet-il-hd",
    "index": 78,
    "name": 30978,
    "thumb": "animal-planet.png",
    "tvgid": "animal-planet"
  },
  {
    "nid": "yes-natgeo-il-hd",
    "index": 79,
    "name": 30979,
    "thumb": "natgeo.png",
    "tvgid": "natgeo"
  },
  {
    "nid": "yes-natgeo-wild-il-hd",
    "index": 80,
    "name": 30980,
    "thumb": "natgeo-wild.png",
    "tvgid": "natgeo-wild"
  },
  {
    "nid": "discovery-hd-il",
    "index": 81,
    "name": 30981,
    "thumb": "discovery.png",
    "tvgid": "discovery"
  },
  {
    "nid": "history-il",
    "index": 82,
    "name": 30982,
    "thumb": "history.png",
    "tvgid": "history"
  },
  {
    "nid": "travel-channel-il",
    "index": 83,
    "name": 30983,
    "thumb": "hot-travel.png",
    "tvgid": "hot-travel"
  },
  {
    "nid": "yes-travel-channel-il",
    "index": 84,
    "name": 30984,
    "thumb": "yes-travel.png",
    "tvgid": "yes-travel"
  },
  {
    "nid": "yes-docu-il-hd",
    "index": 85,
    "name": 30985,
    "thumb": "yes-docu.png",
    "tvgid": "yes-docu"
  },
  {
    "nid": "vacation-channel-il-hd",
    "index": 86,
    "name": 30986,
    "thumb": "vacation.png",
    "tvgid": "vacation"
  },
  {
    "nid": "home-plus-il",
    "index": 87,
    "name": 30987,
    "thumb": "home-plus.png",
    "tvgid": "home-plus"
  },
  {
    "nid": "the-design-channel-il-hd",
    "index": 88,
    "name": 30988,
    "thumb": "design.png",
    "tvgid": "design"
  },
  {
    "nid": "wedding-at-first-sight-channel-il-hd",
    "index": 89,
    "name": 30989,
    "thumb": "wedding-at-first-sight.png",
    "tvgid": "wedding-at-first-sight"
  },
  {
    "nid": "tlc-il-hd",
    "index": 90,
    "name": 30990,
    "thumb": "tlc.png",
    "tvgid": "tlc"
  },
  {
    "nid": "game-show-il-hd",
    "index": 91,
    "name": 30991,
    "thumb": "game-show.png",
    "tvgid": "game-show"
  },
  {
    "nid": "hot-real-il-hd",
    "index": 92,
    "name": 30992,
    "thumb": "hot-real.png",
    "tvgid": "hot-real"
  },
  {
    "nid": "yes-reality-channel-il-hd",
    "index": 93,
    "name": 30993,
    "thumb": "yes-reality.png",
    "tvgid": "yes-reality"
  },
  {
    "nid": "good-life-il",
    "index": 94,
    "name": 30994,
    "thumb": "good-life.png",
    "tvgid": "good-life"
  },
  {
    "nid": "e-il",
    "index": 95,
    "name": 30995,
    "thumb": "e.png",
    "tvgid": "e"
  },
  {
    "nid": "the-food-channel-il",
    "index": 96,
    "name": 30996,
    "thumb": "food.png",
    "tvgid": "food"
  },
  {
    "nid": "food-network-il",
    "index": 97,
    "name": 30997,
    "thumb": "food-network.png",
    "tvgid": "food-network"
  },
  {
    "nid": "foody-il-hd",
    "index": 98,
    "name": 30998,
    "thumb": "foody.png",
    "tvgid": "foody"
  },
  {
    "nid": "health-il",
    "index": 99,
    "name": 30999,
    "thumb": "health.png",
    "tvgid": "health"
  },
  {
    "nid": "cinema-family-il-hd",
    "index": 100,
    "name": 31000,
    "thumb": "hot-cinema-family.png",
    "tvgid": "hot-cinema-family"
  },
  {
    "nid": "yes-disney-il-hd",
    "index": 101,
    "name": 31001,
    "thumb": "disney.png",
    "tvgid": "disney"
  },
  {
    "nid": "disney-jr-il",
    "index": 102,
    "name": 31002,
    "thumb": "disney-jr.png",
    "tvgid": "disney-jr"
  },
  {
    "nid": "yes-nickelodeon-il",
    "index": 103,
    "name": 31003,
    "thumb": "nickelodeon.png",
    "tvgid": "nickelodeon"
  },
  {
    "nid": "nick-jr-il",
    "index": 104,
    "name": 31004,
    "thumb": "nick-jr.png",
    "tvgid": "nick-jr"
  },
  {
    "nid": "teennick-il",
    "index": 105,
    "name": 31005,
    "thumb": "teennick.png",
    "tvgid": "teennick"
  },
  {
    "nid": "hop-childhood-il",
    "index": 106,
    "name": 31006,
    "thumb": "hop-childhood.png",
    "tvgid": "hop-childhood"
  },
  {
    "nid": "luli-il",
    "index": 107,
    "name": 31007,
    "thumb": "luli.png",
    "tvgid": "luli"
  },
  {
    "nid": "baby-il",
    "index": 108,
    "name": 31008,
    "thumb": "baby.png",
    "tvgid": "baby"
  },
  {
    "nid": "zoom-il",
    "index": 109,
    "name": 31009,
    "thumb": "zoom.png",
    "tvgid": "zoom"
  },
  {
    "nid": "zoom-toon-il-hd",
    "index": 110,
    "name": 31010,
    "thumb": "zoom-toon.png",
    "tvgid": "zoom-toon"
  },
  {
    "nid": "junior-il",
    "index": 111,
    "name": 31011,
    "thumb": "junior.png",
    "tvgid": "junior"
  },
  {
    "nid": "music-il-hd",
    "index": 112,
    "name": 31012,
    "thumb": "music-il.png",
    "tvgid": "music-il"
  },
  {
    "nid": "hot-senior-il-hd",
    "index": 113,
    "name": 31013,
    "thumb": "hot-senior.png",
    "tvgid": "hot-senior"
  }
]
